file_path,category
C:\Users\yogit\Downloads\archive (6)\docs-sm\invoice\0000137486.jpg,invoice
C:\Users\yogit\Downloads\archive (6)\docs-sm\invoice\0000192502.jpg,invoice
C:\Users\yogit\Downloads\archive (6)\docs-sm\invoice\0000226471.jpg,invoice
C:\Users\yogit\Downloads\archive (6)\docs-sm\invoice\0000227351.jpg,invoice
C:\Users\yogit\Downloads\archive (6)\docs-sm\invoice\0000333206.jpg,invoice
C:\Users\yogit\Downloads\archive (6)\docs-sm\invoice\0000542607.jpg,invoice
C:\Users\yogit\Downloads\archive (6)\docs-sm\invoice\0001136788.jpg,invoice
C:\Users\yogit\Downloads\archive (6)\docs-sm\invoice\0001219743.jpg,invoice
C:\Users\yogit\Downloads\archive (6)\docs-sm\invoice\0001219844.jpg,invoice
C:\Users\yogit\Downloads\archive (6)\docs-sm\invoice\0001233629.jpg,invoice
C:\Users\yogit\Downloads\archive (6)\docs-sm\invoice\0001453135.jpg,invoice
C:\Users\yogit\Downloads\archive (6)\docs-sm\invoice\0011519293.jpg,invoice
C:\Users\yogit\Downloads\archive (6)\docs-sm\invoice\0011929750.jpg,invoice
C:\Users\yogit\Downloads\archive (6)\docs-sm\invoice\0011929754.jpg,invoice
C:\Users\yogit\Downloads\archive (6)\docs-sm\invoice\0011930170.jpg,invoice
C:\Users\yogit\Downloads\archive (6)\docs-sm\invoice\0011991025.jpg,invoice
C:\Users\yogit\Downloads\archive (6)\docs-sm\invoice\0012179618.jpg,invoice
C:\Users\yogit\Downloads\archive (6)\docs-sm\invoice\0012193483.jpg,invoice
C:\Users\yogit\Downloads\archive (6)\docs-sm\invoice\0012287015.jpg,invoice
C:\Users\yogit\Downloads\archive (6)\docs-sm\invoice\0013041942.jpg,invoice
C:\Users\yogit\Downloads\archive (6)\docs-sm\invoice\0013043203.jpg,invoice
C:\Users\yogit\Downloads\archive (6)\docs-sm\invoice\0013122156.jpg,invoice
C:\Users\yogit\Downloads\archive (6)\docs-sm\invoice\0013267193.jpg,invoice
C:\Users\yogit\Downloads\archive (6)\docs-sm\invoice\0060026309.jpg,invoice
C:\Users\yogit\Downloads\archive (6)\docs-sm\invoice\0060027381.jpg,invoice
C:\Users\yogit\Downloads\archive (6)\docs-sm\invoice\0060031784.jpg,invoice
C:\Users\yogit\Downloads\archive (6)\docs-sm\invoice\0060032039.jpg,invoice
C:\Users\yogit\Downloads\archive (6)\docs-sm\invoice\0060046962.jpg,invoice
C:\Users\yogit\Downloads\archive (6)\docs-sm\invoice\0060051594.jpg,invoice
C:\Users\yogit\Downloads\archive (6)\docs-sm\invoice\0060075043.jpg,invoice
C:\Users\yogit\Downloads\archive (6)\docs-sm\invoice\0060080760.jpg,invoice
C:\Users\yogit\Downloads\archive (6)\docs-sm\invoice\0060082098.jpg,invoice
C:\Users\yogit\Downloads\archive (6)\docs-sm\invoice\0060083495.jpg,invoice
C:\Users\yogit\Downloads\archive (6)\docs-sm\invoice\0060095587.jpg,invoice
C:\Users\yogit\Downloads\archive (6)\docs-sm\invoice\0060095589.jpg,invoice
C:\Users\yogit\Downloads\archive (6)\docs-sm\invoice\0060116328.jpg,invoice
C:\Users\yogit\Downloads\archive (6)\docs-sm\invoice\0060121960.jpg,invoice
C:\Users\yogit\Downloads\archive (6)\docs-sm\invoice\0060201834.jpg,invoice
C:\Users\yogit\Downloads\archive (6)\docs-sm\invoice\0060207574.jpg,invoice
C:\Users\yogit\Downloads\archive (6)\docs-sm\invoice\0060281129.jpg,invoice
C:\Users\yogit\Downloads\archive (6)\docs-sm\invoice\0060284223.jpg,invoice
C:\Users\yogit\Downloads\archive (6)\docs-sm\invoice\00621985.jpg,invoice
C:\Users\yogit\Downloads\archive (6)\docs-sm\invoice\00920638.jpg,invoice
C:\Users\yogit\Downloads\archive (6)\docs-sm\invoice\00920717.jpg,invoice
C:\Users\yogit\Downloads\archive (6)\docs-sm\invoice\01145176.jpg,invoice
C:\Users\yogit\Downloads\archive (6)\docs-sm\invoice\01398469.jpg,invoice
C:\Users\yogit\Downloads\archive (6)\docs-sm\invoice\03638969.jpg,invoice
C:\Users\yogit\Downloads\archive (6)\docs-sm\invoice\03660266.jpg,invoice
C:\Users\yogit\Downloads\archive (6)\docs-sm\invoice\03700650.jpg,invoice
C:\Users\yogit\Downloads\archive (6)\docs-sm\invoice\03724966.jpg,invoice
C:\Users\yogit\Downloads\archive (6)\docs-sm\invoice\03750991.jpg,invoice
C:\Users\yogit\Downloads\archive (6)\docs-sm\invoice\1000031431.jpg,invoice
C:\Users\yogit\Downloads\archive (6)\docs-sm\invoice\10399076.jpg,invoice
C:\Users\yogit\Downloads\archive (6)\docs-sm\invoice\10399232.jpg,invoice
C:\Users\yogit\Downloads\archive (6)\docs-sm\invoice\11235021_11235022.jpg,invoice
C:\Users\yogit\Downloads\archive (6)\docs-sm\invoice\11238840.jpg,invoice
C:\Users\yogit\Downloads\archive (6)\docs-sm\invoice\2001205675.jpg,invoice
C:\Users\yogit\Downloads\archive (6)\docs-sm\invoice\2001207806_2001207807.jpg,invoice
C:\Users\yogit\Downloads\archive (6)\docs-sm\invoice\2001207874.jpg,invoice
C:\Users\yogit\Downloads\archive (6)\docs-sm\invoice\2015066906.jpg,invoice
C:\Users\yogit\Downloads\archive (6)\docs-sm\invoice\2021636830.jpg,invoice
C:\Users\yogit\Downloads\archive (6)\docs-sm\invoice\2023186187.jpg,invoice
C:\Users\yogit\Downloads\archive (6)\docs-sm\invoice\2023322384.jpg,invoice
C:\Users\yogit\Downloads\archive (6)\docs-sm\invoice\2023550756.jpg,invoice
C:\Users\yogit\Downloads\archive (6)\docs-sm\invoice\2023921600.jpg,invoice
C:\Users\yogit\Downloads\archive (6)\docs-sm\invoice\2024525606.jpg,invoice
C:\Users\yogit\Downloads\archive (6)\docs-sm\invoice\2024525914.jpg,invoice
C:\Users\yogit\Downloads\archive (6)\docs-sm\invoice\2025847098.jpg,invoice
C:\Users\yogit\Downloads\archive (6)\docs-sm\invoice\2026004159.jpg,invoice
C:\Users\yogit\Downloads\archive (6)\docs-sm\invoice\2026486780.jpg,invoice
C:\Users\yogit\Downloads\archive (6)\docs-sm\invoice\2026486823.jpg,invoice
C:\Users\yogit\Downloads\archive (6)\docs-sm\invoice\2028691757.jpg,invoice
C:\Users\yogit\Downloads\archive (6)\docs-sm\invoice\2028691805_2028691806.jpg,invoice
C:\Users\yogit\Downloads\archive (6)\docs-sm\invoice\2028694058.jpg,invoice
C:\Users\yogit\Downloads\archive (6)\docs-sm\invoice\2028697984.jpg,invoice
C:\Users\yogit\Downloads\archive (6)\docs-sm\invoice\2028699251.jpg,invoice
C:\Users\yogit\Downloads\archive (6)\docs-sm\invoice\2028704073.jpg,invoice
C:\Users\yogit\Downloads\archive (6)\docs-sm\invoice\2028705019.jpg,invoice
C:\Users\yogit\Downloads\archive (6)\docs-sm\invoice\2028706274.jpg,invoice
C:\Users\yogit\Downloads\archive (6)\docs-sm\invoice\2028706570.jpg,invoice
C:\Users\yogit\Downloads\archive (6)\docs-sm\invoice\2028707266.jpg,invoice
C:\Users\yogit\Downloads\archive (6)\docs-sm\invoice\2028707700.jpg,invoice
C:\Users\yogit\Downloads\archive (6)\docs-sm\invoice\2028708390.jpg,invoice
C:\Users\yogit\Downloads\archive (6)\docs-sm\invoice\2028708554.jpg,invoice
C:\Users\yogit\Downloads\archive (6)\docs-sm\invoice\2028710092.jpg,invoice
C:\Users\yogit\Downloads\archive (6)\docs-sm\invoice\2028712208.jpg,invoice
C:\Users\yogit\Downloads\archive (6)\docs-sm\invoice\2028716484.jpg,invoice
C:\Users\yogit\Downloads\archive (6)\docs-sm\invoice\2028716668.jpg,invoice
C:\Users\yogit\Downloads\archive (6)\docs-sm\invoice\2028717388.jpg,invoice
C:\Users\yogit\Downloads\archive (6)\docs-sm\invoice\2028718888.jpg,invoice
C:\Users\yogit\Downloads\archive (6)\docs-sm\invoice\2028719456.jpg,invoice
C:\Users\yogit\Downloads\archive (6)\docs-sm\invoice\2028719939_2028719940.jpg,invoice
C:\Users\yogit\Downloads\archive (6)\docs-sm\invoice\2028721083.jpg,invoice
C:\Users\yogit\Downloads\archive (6)\docs-sm\invoice\2028722501.jpg,invoice
C:\Users\yogit\Downloads\archive (6)\docs-sm\invoice\2028724070.jpg,invoice
C:\Users\yogit\Downloads\archive (6)\docs-sm\invoice\2028724447.jpg,invoice
C:\Users\yogit\Downloads\archive (6)\docs-sm\invoice\2028725808.jpg,invoice
C:\Users\yogit\Downloads\archive (6)\docs-sm\invoice\2028726558.jpg,invoice
C:\Users\yogit\Downloads\archive (6)\docs-sm\invoice\2028727366.jpg,invoice
C:\Users\yogit\Downloads\archive (6)\docs-sm\invoice\2028728093.jpg,invoice
C:\Users\yogit\Downloads\archive (6)\docs-sm\invoice\2028729611.jpg,invoice
C:\Users\yogit\Downloads\archive (6)\docs-sm\invoice\2028729939.jpg,invoice
C:\Users\yogit\Downloads\archive (6)\docs-sm\invoice\2028741327_2028741328.jpg,invoice
C:\Users\yogit\Downloads\archive (6)\docs-sm\invoice\2028741476.jpg,invoice
C:\Users\yogit\Downloads\archive (6)\docs-sm\invoice\2028743452_2028743453.jpg,invoice
C:\Users\yogit\Downloads\archive (6)\docs-sm\invoice\2028747402_2028747403.jpg,invoice
C:\Users\yogit\Downloads\archive (6)\docs-sm\invoice\2029194963.jpg,invoice
C:\Users\yogit\Downloads\archive (6)\docs-sm\invoice\2029370141.jpg,invoice
C:\Users\yogit\Downloads\archive (6)\docs-sm\invoice\2029370154.jpg,invoice
C:\Users\yogit\Downloads\archive (6)\docs-sm\invoice\2029370462.jpg,invoice
C:\Users\yogit\Downloads\archive (6)\docs-sm\invoice\2029377237.jpg,invoice
C:\Users\yogit\Downloads\archive (6)\docs-sm\invoice\2029378210.jpg,invoice
C:\Users\yogit\Downloads\archive (6)\docs-sm\invoice\2030138144.jpg,invoice
C:\Users\yogit\Downloads\archive (6)\docs-sm\invoice\2030403783.jpg,invoice
C:\Users\yogit\Downloads\archive (6)\docs-sm\invoice\2041158058.jpg,invoice
C:\Users\yogit\Downloads\archive (6)\docs-sm\invoice\2041619314.jpg,invoice
C:\Users\yogit\Downloads\archive (6)\docs-sm\invoice\2042757520.jpg,invoice
C:\Users\yogit\Downloads\archive (6)\docs-sm\invoice\2044696250.jpg,invoice
C:\Users\yogit\Downloads\archive (6)\docs-sm\invoice\2045150408.jpg,invoice
C:\Users\yogit\Downloads\archive (6)\docs-sm\invoice\2048163101.jpg,invoice
C:\Users\yogit\Downloads\archive (6)\docs-sm\invoice\2048373725.jpg,invoice
C:\Users\yogit\Downloads\archive (6)\docs-sm\invoice\2049431637.jpg,invoice
C:\Users\yogit\Downloads\archive (6)\docs-sm\invoice\2049433368.jpg,invoice
C:\Users\yogit\Downloads\archive (6)\docs-sm\invoice\2061832122.jpg,invoice
C:\Users\yogit\Downloads\archive (6)\docs-sm\invoice\2062173086.jpg,invoice
C:\Users\yogit\Downloads\archive (6)\docs-sm\invoice\2062897991.jpg,invoice
C:\Users\yogit\Downloads\archive (6)\docs-sm\invoice\2063113437.jpg,invoice
C:\Users\yogit\Downloads\archive (6)\docs-sm\invoice\2063162451_2452.jpg,invoice
C:\Users\yogit\Downloads\archive (6)\docs-sm\invoice\2063170427.jpg,invoice
C:\Users\yogit\Downloads\archive (6)\docs-sm\invoice\2063178328.jpg,invoice
C:\Users\yogit\Downloads\archive (6)\docs-sm\invoice\2063216949.jpg,invoice
C:\Users\yogit\Downloads\archive (6)\docs-sm\invoice\2063300411.jpg,invoice
C:\Users\yogit\Downloads\archive (6)\docs-sm\invoice\2063321228.jpg,invoice
C:\Users\yogit\Downloads\archive (6)\docs-sm\invoice\2063321345.jpg,invoice
C:\Users\yogit\Downloads\archive (6)\docs-sm\invoice\2063576912.jpg,invoice
C:\Users\yogit\Downloads\archive (6)\docs-sm\invoice\2063608519.jpg,invoice
C:\Users\yogit\Downloads\archive (6)\docs-sm\invoice\2063610066.jpg,invoice
C:\Users\yogit\Downloads\archive (6)\docs-sm\invoice\2063780011.jpg,invoice
C:\Users\yogit\Downloads\archive (6)\docs-sm\invoice\2071030591.jpg,invoice
C:\Users\yogit\Downloads\archive (6)\docs-sm\invoice\2071533746.jpg,invoice
C:\Users\yogit\Downloads\archive (6)\docs-sm\invoice\2072484129.jpg,invoice
C:\Users\yogit\Downloads\archive (6)\docs-sm\invoice\2072653060.jpg,invoice
C:\Users\yogit\Downloads\archive (6)\docs-sm\invoice\2072957896.jpg,invoice
C:\Users\yogit\Downloads\archive (6)\docs-sm\invoice\2072958016_8017.jpg,invoice
C:\Users\yogit\Downloads\archive (6)\docs-sm\invoice\2073071216.jpg,invoice
C:\Users\yogit\Downloads\archive (6)\docs-sm\invoice\2074104178.jpg,invoice
C:\Users\yogit\Downloads\archive (6)\docs-sm\invoice\2074104267.jpg,invoice
C:\Users\yogit\Downloads\archive (6)\docs-sm\invoice\2074104343.jpg,invoice
C:\Users\yogit\Downloads\archive (6)\docs-sm\invoice\2076999610_9611.jpg,invoice
C:\Users\yogit\Downloads\archive (6)\docs-sm\invoice\2077990205.jpg,invoice
C:\Users\yogit\Downloads\archive (6)\docs-sm\invoice\2080143458.jpg,invoice
C:\Users\yogit\Downloads\archive (6)\docs-sm\invoice\2084020004.jpg,invoice
C:\Users\yogit\Downloads\archive (6)\docs-sm\invoice\2084020048.jpg,invoice
C:\Users\yogit\Downloads\archive (6)\docs-sm\invoice\2084020226.jpg,invoice
C:\Users\yogit\Downloads\archive (6)\docs-sm\invoice\2084021794.jpg,invoice
C:\Users\yogit\Downloads\archive (6)\docs-sm\invoice\2084022132.jpg,invoice
C:\Users\yogit\Downloads\archive (6)\docs-sm\invoice\2084022189.jpg,invoice
C:\Users\yogit\Downloads\archive (6)\docs-sm\invoice\2084022308.jpg,invoice
C:\Users\yogit\Downloads\archive (6)\docs-sm\invoice\2084022332.jpg,invoice
C:\Users\yogit\Downloads\archive (6)\docs-sm\invoice\2084022751.jpg,invoice
C:\Users\yogit\Downloads\archive (6)\docs-sm\invoice\2084022815.jpg,invoice
C:\Users\yogit\Downloads\archive (6)\docs-sm\invoice\2084024647.jpg,invoice
C:\Users\yogit\Downloads\archive (6)\docs-sm\invoice\2084024865.jpg,invoice
C:\Users\yogit\Downloads\archive (6)\docs-sm\invoice\2084061020.jpg,invoice
C:\Users\yogit\Downloads\archive (6)\docs-sm\invoice\2084061095.jpg,invoice
C:\Users\yogit\Downloads\archive (6)\docs-sm\invoice\2084061297.jpg,invoice
C:\Users\yogit\Downloads\archive (6)\docs-sm\invoice\2084342625.jpg,invoice
C:\Users\yogit\Downloads\archive (6)\docs-sm\invoice\2085669419.jpg,invoice
C:\Users\yogit\Downloads\archive (6)\docs-sm\invoice\2501226749.jpg,invoice
C:\Users\yogit\Downloads\archive (6)\docs-sm\invoice\2501335075.jpg,invoice
C:\Users\yogit\Downloads\archive (6)\docs-sm\invoice\2501374034_2501374035.jpg,invoice
C:\Users\yogit\Downloads\archive (6)\docs-sm\invoice\2505153109.jpg,invoice
C:\Users\yogit\Downloads\archive (6)\docs-sm\invoice\2505407626.jpg,invoice
C:\Users\yogit\Downloads\archive (6)\docs-sm\invoice\2505414281.jpg,invoice
C:\Users\yogit\Downloads\archive (6)\docs-sm\invoice\500234640+-4640.jpg,invoice
C:\Users\yogit\Downloads\archive (6)\docs-sm\invoice\500234675+-4675.jpg,invoice
C:\Users\yogit\Downloads\archive (6)\docs-sm\invoice\50120566-0566.jpg,invoice
C:\Users\yogit\Downloads\archive (6)\docs-sm\invoice\501703529+-3529.jpg,invoice
C:\Users\yogit\Downloads\archive (6)\docs-sm\invoice\501961404.jpg,invoice
C:\Users\yogit\Downloads\archive (6)\docs-sm\invoice\502197661.jpg,invoice
C:\Users\yogit\Downloads\archive (6)\docs-sm\invoice\505850844.jpg,invoice
C:\Users\yogit\Downloads\archive (6)\docs-sm\invoice\506023794_506023798.jpg,invoice
C:\Users\yogit\Downloads\archive (6)\docs-sm\invoice\506271023.jpg,invoice
C:\Users\yogit\Downloads\archive (6)\docs-sm\invoice\509592495_509592499.jpg,invoice
C:\Users\yogit\Downloads\archive (6)\docs-sm\invoice\511349392+-9392.jpg,invoice
C:\Users\yogit\Downloads\archive (6)\docs-sm\invoice\511505606+-5608.jpg,invoice
C:\Users\yogit\Downloads\archive (6)\docs-sm\invoice\513168276_513168277.jpg,invoice
C:\Users\yogit\Downloads\archive (6)\docs-sm\invoice\513261894_513261895.jpg,invoice
C:\Users\yogit\Downloads\archive (6)\docs-sm\invoice\518027475_518027477.jpg,invoice
C:\Users\yogit\Downloads\archive (6)\docs-sm\invoice\518029936.jpg,invoice
C:\Users\yogit\Downloads\archive (6)\docs-sm\invoice\518255073+-5074.jpg,invoice
C:\Users\yogit\Downloads\archive (6)\docs-sm\invoice\518279202+-9206.jpg,invoice
C:\Users\yogit\Downloads\archive (6)\docs-sm\invoice\518434787+-4793.jpg,invoice
C:\Users\yogit\Downloads\archive (6)\docs-sm\invoice\518658731+-8731.jpg,invoice
C:\Users\yogit\Downloads\archive (6)\docs-sm\invoice\520761472+-1478.jpg,invoice
C:\Users\yogit\Downloads\archive (6)\docs-sm\invoice\522896255+-6258.jpg,invoice
C:\Users\yogit\Downloads\archive (6)\docs-sm\invoice\524425631+-5636.jpg,invoice
C:\Users\yogit\Downloads\archive (6)\docs-sm\invoice\530003729+-3730.jpg,invoice
C:\Users\yogit\Downloads\archive (6)\docs-sm\invoice\80211531.jpg,invoice
C:\Users\yogit\Downloads\archive (6)\docs-sm\invoice\80211559.jpg,invoice
C:\Users\yogit\Downloads\archive (6)\docs-sm\invoice\80233761.jpg,invoice
C:\Users\yogit\Downloads\archive (6)\docs-sm\invoice\80233857.jpg,invoice
C:\Users\yogit\Downloads\archive (6)\docs-sm\invoice\80701185.jpg,invoice
C:\Users\yogit\Downloads\archive (6)\docs-sm\invoice\80702018.jpg,invoice
C:\Users\yogit\Downloads\archive (6)\docs-sm\invoice\80703441.jpg,invoice
C:\Users\yogit\Downloads\archive (6)\docs-sm\invoice\80703850.jpg,invoice
C:\Users\yogit\Downloads\archive (6)\docs-sm\invoice\80704008.jpg,invoice
C:\Users\yogit\Downloads\archive (6)\docs-sm\invoice\80721675.jpg,invoice
C:\Users\yogit\Downloads\archive (6)\docs-sm\invoice\82894853.jpg,invoice
C:\Users\yogit\Downloads\archive (6)\docs-sm\invoice\83093314.jpg,invoice
C:\Users\yogit\Downloads\archive (6)\docs-sm\invoice\83553535_3536.jpg,invoice
C:\Users\yogit\Downloads\archive (6)\docs-sm\invoice\83553602_3608.jpg,invoice
C:\Users\yogit\Downloads\archive (6)\docs-sm\invoice\85701956.jpg,invoice
C:\Users\yogit\Downloads\archive (6)\docs-sm\invoice\86453264.jpg,invoice
C:\Users\yogit\Downloads\archive (6)\docs-sm\invoice\86462730.jpg,invoice
C:\Users\yogit\Downloads\archive (6)\docs-sm\invoice\86462778.jpg,invoice
C:\Users\yogit\Downloads\archive (6)\docs-sm\invoice\86618993.jpg,invoice
C:\Users\yogit\Downloads\archive (6)\docs-sm\invoice\87052618.jpg,invoice
C:\Users\yogit\Downloads\archive (6)\docs-sm\invoice\87064415.jpg,invoice
C:\Users\yogit\Downloads\archive (6)\docs-sm\invoice\87064443-a_87064443.jpg,invoice
C:\Users\yogit\Downloads\archive (6)\docs-sm\invoice\87064464.jpg,invoice
C:\Users\yogit\Downloads\archive (6)\docs-sm\invoice\87064937.jpg,invoice
C:\Users\yogit\Downloads\archive (6)\docs-sm\invoice\87065276.jpg,invoice
C:\Users\yogit\Downloads\archive (6)\docs-sm\invoice\87066913.jpg,invoice
C:\Users\yogit\Downloads\archive (6)\docs-sm\invoice\87103978.jpg,invoice
C:\Users\yogit\Downloads\archive (6)\docs-sm\invoice\87104373.jpg,invoice
C:\Users\yogit\Downloads\archive (6)\docs-sm\invoice\87148930_87148933.jpg,invoice
C:\Users\yogit\Downloads\archive (6)\docs-sm\invoice\87149523_87149526.jpg,invoice
C:\Users\yogit\Downloads\archive (6)\docs-sm\invoice\87683565.jpg,invoice
C:\Users\yogit\Downloads\archive (6)\docs-sm\invoice\88131587.jpg,invoice
C:\Users\yogit\Downloads\archive (6)\docs-sm\invoice\88131634.jpg,invoice
C:\Users\yogit\Downloads\archive (6)\docs-sm\invoice\88131701.jpg,invoice
C:\Users\yogit\Downloads\archive (6)\docs-sm\invoice\88131802.jpg,invoice
C:\Users\yogit\Downloads\archive (6)\docs-sm\invoice\88132141.jpg,invoice
C:\Users\yogit\Downloads\archive (6)\docs-sm\invoice\88266768a.jpg,invoice
C:\Users\yogit\Downloads\archive (6)\docs-sm\invoice\89000187.jpg,invoice
C:\Users\yogit\Downloads\archive (6)\docs-sm\invoice\89000431.jpg,invoice
C:\Users\yogit\Downloads\archive (6)\docs-sm\invoice\89000786.jpg,invoice
C:\Users\yogit\Downloads\archive (6)\docs-sm\invoice\89000889.jpg,invoice
C:\Users\yogit\Downloads\archive (6)\docs-sm\invoice\89001134.jpg,invoice
C:\Users\yogit\Downloads\archive (6)\docs-sm\invoice\89001193.jpg,invoice
C:\Users\yogit\Downloads\archive (6)\docs-sm\invoice\89001376.jpg,invoice
C:\Users\yogit\Downloads\archive (6)\docs-sm\invoice\89001625.jpg,invoice
C:\Users\yogit\Downloads\archive (6)\docs-sm\invoice\89001738.jpg,invoice
C:\Users\yogit\Downloads\archive (6)\docs-sm\invoice\91505705.jpg,invoice
C:\Users\yogit\Downloads\archive (6)\docs-sm\invoice\91506390_6391.jpg,invoice
C:\Users\yogit\Downloads\archive (6)\docs-sm\invoice\91507140.jpg,invoice
C:\Users\yogit\Downloads\archive (6)\docs-sm\invoice\91507253.jpg,invoice
C:\Users\yogit\Downloads\archive (6)\docs-sm\invoice\91514421.jpg,invoice
C:\Users\yogit\Downloads\archive (6)\docs-sm\invoice\91515217.jpg,invoice
C:\Users\yogit\Downloads\archive (6)\docs-sm\invoice\91515307.jpg,invoice
C:\Users\yogit\Downloads\archive (6)\docs-sm\invoice\91515363.jpg,invoice
C:\Users\yogit\Downloads\archive (6)\docs-sm\invoice\91575143.jpg,invoice
C:\Users\yogit\Downloads\archive (6)\docs-sm\invoice\91658313.jpg,invoice
C:\Users\yogit\Downloads\archive (6)\docs-sm\invoice\91659229.jpg,invoice
C:\Users\yogit\Downloads\archive (6)\docs-sm\invoice\91661681.jpg,invoice
C:\Users\yogit\Downloads\archive (6)\docs-sm\invoice\91664823.jpg,invoice
C:\Users\yogit\Downloads\archive (6)\docs-sm\invoice\91810227.jpg,invoice
C:\Users\yogit\Downloads\archive (6)\docs-sm\invoice\91814706.jpg,invoice
C:\Users\yogit\Downloads\archive (6)\docs-sm\invoice\92224513.jpg,invoice
C:\Users\yogit\Downloads\archive (6)\docs-sm\invoice\92226198.jpg,invoice
C:\Users\yogit\Downloads\archive (6)\docs-sm\invoice\92227544_7545.jpg,invoice
C:\Users\yogit\Downloads\archive (6)\docs-sm\invoice\92242531.jpg,invoice
C:\Users\yogit\Downloads\archive (6)\docs-sm\invoice\92248313.jpg,invoice
C:\Users\yogit\Downloads\archive (6)\docs-sm\invoice\92678319.jpg,invoice
C:\Users\yogit\Downloads\archive (6)\docs-sm\invoice\92679791.jpg,invoice
C:\Users\yogit\Downloads\archive (6)\docs-sm\invoice\92857175.jpg,invoice
C:\Users\yogit\Downloads\archive (6)\docs-sm\invoice\92871560.jpg,invoice
C:\Users\yogit\Downloads\archive (6)\docs-sm\invoice\93121403.jpg,invoice
C:\Users\yogit\Downloads\archive (6)\docs-sm\invoice\93216911.jpg,invoice
C:\Users\yogit\Downloads\archive (6)\docs-sm\invoice\93413375.jpg,invoice
C:\Users\yogit\Downloads\archive (6)\docs-sm\invoice\93416592.jpg,invoice
C:\Users\yogit\Downloads\archive (6)\docs-sm\invoice\94389950.jpg,invoice
C:\Users\yogit\Downloads\archive (6)\docs-sm\invoice\94416171.jpg,invoice
C:\Users\yogit\Downloads\archive (6)\docs-sm\invoice\95602385.jpg,invoice
C:\Users\yogit\Downloads\archive (6)\docs-sm\invoice\95602471.jpg,invoice
C:\Users\yogit\Downloads\archive (6)\docs-sm\invoice\95824354.jpg,invoice
C:\Users\yogit\Downloads\archive (6)\docs-sm\invoice\95824480.jpg,invoice
C:\Users\yogit\Downloads\archive (6)\docs-sm\invoice\95824806.jpg,invoice
C:\Users\yogit\Downloads\archive (6)\docs-sm\invoice\95824822.jpg,invoice
C:\Users\yogit\Downloads\archive (6)\docs-sm\invoice\95824834.jpg,invoice
C:\Users\yogit\Downloads\archive (6)\docs-sm\invoice\96054429.jpg,invoice
C:\Users\yogit\Downloads\archive (6)\docs-sm\invoice\96057185.jpg,invoice
C:\Users\yogit\Downloads\archive (6)\docs-sm\invoice\96433725.jpg,invoice
C:\Users\yogit\Downloads\archive (6)\docs-sm\invoice\98776481.jpg,invoice
C:\Users\yogit\Downloads\archive (6)\docs-sm\invoice\CTRCONTRACTS001598-1.jpg,invoice
C:\Users\yogit\Downloads\archive (6)\docs-sm\invoice\CTRCONTRACTS009895-9.jpg,invoice
C:\Users\yogit\Downloads\archive (6)\docs-sm\invoice\CTRCONTRACTS010472-0.jpg,invoice
C:\Users\yogit\Downloads\archive (6)\docs-sm\invoice\CTRCONTRACTS022507-2.jpg,invoice
C:\Users\yogit\Downloads\archive (6)\docs-sm\invoice\CTRCONTRACTS024759-4.jpg,invoice
C:\Users\yogit\Downloads\archive (6)\docs-sm\invoice\CTRSP-FILES009859-98.jpg,invoice
C:\Users\yogit\Downloads\archive (6)\docs-sm\invoice\ti08670559.jpg,invoice
C:\Users\yogit\Downloads\archive (6)\docs-sm\invoice\ti10161552.jpg,invoice
C:\Users\yogit\Downloads\archive (6)\docs-sm\invoice\ti10161636.jpg,invoice
C:\Users\yogit\Downloads\archive (6)\docs-sm\invoice\ti16310446.jpg,invoice
C:\Users\yogit\Downloads\archive (6)\docs-sm\invoice\ti16310591.jpg,invoice
C:\Users\yogit\Downloads\archive (6)\docs-sm\invoice\ti16310868.jpg,invoice
C:\Users\yogit\Downloads\archive (6)\docs-sm\invoice\ti16352085.jpg,invoice
C:\Users\yogit\Downloads\archive (6)\docs-sm\invoice\ti17120055.jpg,invoice
C:\Users\yogit\Downloads\archive (6)\docs-sm\invoice\ti17120567.jpg,invoice
C:\Users\yogit\Downloads\archive (6)\docs-sm\invoice\ti31689101.jpg,invoice
C:\Users\yogit\Downloads\archive (6)\docs-sm\invoice\tob04705.73_tob04705.76.jpg,invoice
C:\Users\yogit\Downloads\archive (6)\docs-sm\budget\0000009994.jpg,budget
C:\Users\yogit\Downloads\archive (6)\docs-sm\budget\0000049685.jpg,budget
C:\Users\yogit\Downloads\archive (6)\docs-sm\budget\0000076288.jpg,budget
C:\Users\yogit\Downloads\archive (6)\docs-sm\budget\0000079198.jpg,budget
C:\Users\yogit\Downloads\archive (6)\docs-sm\budget\0000090961.jpg,budget
C:\Users\yogit\Downloads\archive (6)\docs-sm\budget\0000106414.jpg,budget
C:\Users\yogit\Downloads\archive (6)\docs-sm\budget\0000113681.jpg,budget
C:\Users\yogit\Downloads\archive (6)\docs-sm\budget\0000116109.jpg,budget
C:\Users\yogit\Downloads\archive (6)\docs-sm\budget\0000128637.jpg,budget
C:\Users\yogit\Downloads\archive (6)\docs-sm\budget\0000129172.jpg,budget
C:\Users\yogit\Downloads\archive (6)\docs-sm\budget\00001486.jpg,budget
C:\Users\yogit\Downloads\archive (6)\docs-sm\budget\0000168392.jpg,budget
C:\Users\yogit\Downloads\archive (6)\docs-sm\budget\0000171539.jpg,budget
C:\Users\yogit\Downloads\archive (6)\docs-sm\budget\0000222768.jpg,budget
C:\Users\yogit\Downloads\archive (6)\docs-sm\budget\0000238916.jpg,budget
C:\Users\yogit\Downloads\archive (6)\docs-sm\budget\0000247024.jpg,budget
C:\Users\yogit\Downloads\archive (6)\docs-sm\budget\0000253705.jpg,budget
C:\Users\yogit\Downloads\archive (6)\docs-sm\budget\0000257240.jpg,budget
C:\Users\yogit\Downloads\archive (6)\docs-sm\budget\0000261012.jpg,budget
C:\Users\yogit\Downloads\archive (6)\docs-sm\budget\0000300426.jpg,budget
C:\Users\yogit\Downloads\archive (6)\docs-sm\budget\0000352911.jpg,budget
C:\Users\yogit\Downloads\archive (6)\docs-sm\budget\0000400100.jpg,budget
C:\Users\yogit\Downloads\archive (6)\docs-sm\budget\0000437618.jpg,budget
C:\Users\yogit\Downloads\archive (6)\docs-sm\budget\0000444797.jpg,budget
C:\Users\yogit\Downloads\archive (6)\docs-sm\budget\0000452392.jpg,budget
C:\Users\yogit\Downloads\archive (6)\docs-sm\budget\0000452892.jpg,budget
C:\Users\yogit\Downloads\archive (6)\docs-sm\budget\01391512.jpg,budget
C:\Users\yogit\Downloads\archive (6)\docs-sm\budget\01409488.jpg,budget
C:\Users\yogit\Downloads\archive (6)\docs-sm\budget\01680664_01680699.jpg,budget
C:\Users\yogit\Downloads\archive (6)\docs-sm\budget\03064866.jpg,budget
C:\Users\yogit\Downloads\archive (6)\docs-sm\budget\03195877.jpg,budget
C:\Users\yogit\Downloads\archive (6)\docs-sm\budget\03660617.jpg,budget
C:\Users\yogit\Downloads\archive (6)\docs-sm\budget\03749673.jpg,budget
C:\Users\yogit\Downloads\archive (6)\docs-sm\budget\04002400_04002401.jpg,budget
C:\Users\yogit\Downloads\archive (6)\docs-sm\budget\04002591.jpg,budget
C:\Users\yogit\Downloads\archive (6)\docs-sm\budget\04003104.jpg,budget
C:\Users\yogit\Downloads\archive (6)\docs-sm\budget\04003142.jpg,budget
C:\Users\yogit\Downloads\archive (6)\docs-sm\budget\04003207.jpg,budget
C:\Users\yogit\Downloads\archive (6)\docs-sm\budget\04003340.jpg,budget
C:\Users\yogit\Downloads\archive (6)\docs-sm\budget\04238597.jpg,budget
C:\Users\yogit\Downloads\archive (6)\docs-sm\budget\04238684.jpg,budget
C:\Users\yogit\Downloads\archive (6)\docs-sm\budget\09005747.jpg,budget
C:\Users\yogit\Downloads\archive (6)\docs-sm\budget\10000841_10000852.jpg,budget
C:\Users\yogit\Downloads\archive (6)\docs-sm\budget\10000870.jpg,budget
C:\Users\yogit\Downloads\archive (6)\docs-sm\budget\10004825_10004827.jpg,budget
C:\Users\yogit\Downloads\archive (6)\docs-sm\budget\11004084.jpg,budget
C:\Users\yogit\Downloads\archive (6)\docs-sm\budget\11004579.jpg,budget
C:\Users\yogit\Downloads\archive (6)\docs-sm\budget\11008400.jpg,budget
C:\Users\yogit\Downloads\archive (6)\docs-sm\budget\11011151.jpg,budget
C:\Users\yogit\Downloads\archive (6)\docs-sm\budget\11011294.jpg,budget
C:\Users\yogit\Downloads\archive (6)\docs-sm\budget\11011368.jpg,budget
C:\Users\yogit\Downloads\archive (6)\docs-sm\budget\13014453.jpg,budget
C:\Users\yogit\Downloads\archive (6)\docs-sm\budget\18004667.jpg,budget
C:\Users\yogit\Downloads\archive (6)\docs-sm\budget\18004757.jpg,budget
C:\Users\yogit\Downloads\archive (6)\docs-sm\budget\18005025.jpg,budget
C:\Users\yogit\Downloads\archive (6)\docs-sm\budget\2000522757_2000522761.jpg,budget
C:\Users\yogit\Downloads\archive (6)\docs-sm\budget\2015013759.jpg,budget
C:\Users\yogit\Downloads\archive (6)\docs-sm\budget\2015025693_2015025696.jpg,budget
C:\Users\yogit\Downloads\archive (6)\docs-sm\budget\2015056036_2015056039.jpg,budget
C:\Users\yogit\Downloads\archive (6)\docs-sm\budget\2020280421.jpg,budget
C:\Users\yogit\Downloads\archive (6)\docs-sm\budget\2020346933.jpg,budget
C:\Users\yogit\Downloads\archive (6)\docs-sm\budget\2021006028.jpg,budget
C:\Users\yogit\Downloads\archive (6)\docs-sm\budget\2021649804.jpg,budget
C:\Users\yogit\Downloads\archive (6)\docs-sm\budget\2023027987_2023027988.jpg,budget
C:\Users\yogit\Downloads\archive (6)\docs-sm\budget\2023856119.jpg,budget
C:\Users\yogit\Downloads\archive (6)\docs-sm\budget\2023856205.jpg,budget
C:\Users\yogit\Downloads\archive (6)\docs-sm\budget\2024401287.jpg,budget
C:\Users\yogit\Downloads\archive (6)\docs-sm\budget\2024416294.jpg,budget
C:\Users\yogit\Downloads\archive (6)\docs-sm\budget\2030656070.jpg,budget
C:\Users\yogit\Downloads\archive (6)\docs-sm\budget\2040162463.jpg,budget
C:\Users\yogit\Downloads\archive (6)\docs-sm\budget\2040263175_2040263185.jpg,budget
C:\Users\yogit\Downloads\archive (6)\docs-sm\budget\2040649605.jpg,budget
C:\Users\yogit\Downloads\archive (6)\docs-sm\budget\2040763112_2040763222.jpg,budget
C:\Users\yogit\Downloads\archive (6)\docs-sm\budget\2040767734.jpg,budget
C:\Users\yogit\Downloads\archive (6)\docs-sm\budget\2040768568.jpg,budget
C:\Users\yogit\Downloads\archive (6)\docs-sm\budget\2040769252.jpg,budget
C:\Users\yogit\Downloads\archive (6)\docs-sm\budget\2040769537.jpg,budget
C:\Users\yogit\Downloads\archive (6)\docs-sm\budget\2040777148.jpg,budget
C:\Users\yogit\Downloads\archive (6)\docs-sm\budget\2040781951.jpg,budget
C:\Users\yogit\Downloads\archive (6)\docs-sm\budget\2040786164.jpg,budget
C:\Users\yogit\Downloads\archive (6)\docs-sm\budget\2040786347_2040786355.jpg,budget
C:\Users\yogit\Downloads\archive (6)\docs-sm\budget\2040787394_2040787469.jpg,budget
C:\Users\yogit\Downloads\archive (6)\docs-sm\budget\2040787633-a.jpg,budget
C:\Users\yogit\Downloads\archive (6)\docs-sm\budget\2040788221.jpg,budget
C:\Users\yogit\Downloads\archive (6)\docs-sm\budget\2040788267.jpg,budget
C:\Users\yogit\Downloads\archive (6)\docs-sm\budget\2040788453.jpg,budget
C:\Users\yogit\Downloads\archive (6)\docs-sm\budget\2040788697_2040788903.jpg,budget
C:\Users\yogit\Downloads\archive (6)\docs-sm\budget\2040790309.jpg,budget
C:\Users\yogit\Downloads\archive (6)\docs-sm\budget\2040791802.jpg,budget
C:\Users\yogit\Downloads\archive (6)\docs-sm\budget\2040797256.jpg,budget
C:\Users\yogit\Downloads\archive (6)\docs-sm\budget\2040798851.jpg,budget
C:\Users\yogit\Downloads\archive (6)\docs-sm\budget\2040920261_2040920265.jpg,budget
C:\Users\yogit\Downloads\archive (6)\docs-sm\budget\2040956938.jpg,budget
C:\Users\yogit\Downloads\archive (6)\docs-sm\budget\2040957047.jpg,budget
C:\Users\yogit\Downloads\archive (6)\docs-sm\budget\2040957301.jpg,budget
C:\Users\yogit\Downloads\archive (6)\docs-sm\budget\2040957385.jpg,budget
C:\Users\yogit\Downloads\archive (6)\docs-sm\budget\2040957445.jpg,budget
C:\Users\yogit\Downloads\archive (6)\docs-sm\budget\2040957541.jpg,budget
C:\Users\yogit\Downloads\archive (6)\docs-sm\budget\2040957604.jpg,budget
C:\Users\yogit\Downloads\archive (6)\docs-sm\budget\2040962189.jpg,budget
C:\Users\yogit\Downloads\archive (6)\docs-sm\budget\2040962826.jpg,budget
C:\Users\yogit\Downloads\archive (6)\docs-sm\budget\2040964646_2040964671.jpg,budget
C:\Users\yogit\Downloads\archive (6)\docs-sm\budget\2040996956_2040996957.jpg,budget
C:\Users\yogit\Downloads\archive (6)\docs-sm\budget\2041346432_2041346434.jpg,budget
C:\Users\yogit\Downloads\archive (6)\docs-sm\budget\2041373011_2041373012.jpg,budget
C:\Users\yogit\Downloads\archive (6)\docs-sm\budget\2041373817.jpg,budget
C:\Users\yogit\Downloads\archive (6)\docs-sm\budget\2041375189_2041375190.jpg,budget
C:\Users\yogit\Downloads\archive (6)\docs-sm\budget\2041379797.jpg,budget
C:\Users\yogit\Downloads\archive (6)\docs-sm\budget\2041379949_2041379952.jpg,budget
C:\Users\yogit\Downloads\archive (6)\docs-sm\budget\2041380331_2041380334.jpg,budget
C:\Users\yogit\Downloads\archive (6)\docs-sm\budget\2041585557_2041585558.jpg,budget
C:\Users\yogit\Downloads\archive (6)\docs-sm\budget\2041585591.jpg,budget
C:\Users\yogit\Downloads\archive (6)\docs-sm\budget\2041586404_2041586405.jpg,budget
C:\Users\yogit\Downloads\archive (6)\docs-sm\budget\2041718637.jpg,budget
C:\Users\yogit\Downloads\archive (6)\docs-sm\budget\2041718703_2041718705.jpg,budget
C:\Users\yogit\Downloads\archive (6)\docs-sm\budget\2041718908_2041718912.jpg,budget
C:\Users\yogit\Downloads\archive (6)\docs-sm\budget\2041719373_2041719374.jpg,budget
C:\Users\yogit\Downloads\archive (6)\docs-sm\budget\2041721387.jpg,budget
C:\Users\yogit\Downloads\archive (6)\docs-sm\budget\2041724414.jpg,budget
C:\Users\yogit\Downloads\archive (6)\docs-sm\budget\2041953025.jpg,budget
C:\Users\yogit\Downloads\archive (6)\docs-sm\budget\2041954175_4177.jpg,budget
C:\Users\yogit\Downloads\archive (6)\docs-sm\budget\2043214503.jpg,budget
C:\Users\yogit\Downloads\archive (6)\docs-sm\budget\2043427713.jpg,budget
C:\Users\yogit\Downloads\archive (6)\docs-sm\budget\2043524072.jpg,budget
C:\Users\yogit\Downloads\archive (6)\docs-sm\budget\2043982774.jpg,budget
C:\Users\yogit\Downloads\archive (6)\docs-sm\budget\2044299826.jpg,budget
C:\Users\yogit\Downloads\archive (6)\docs-sm\budget\2044454753.jpg,budget
C:\Users\yogit\Downloads\archive (6)\docs-sm\budget\2044944004.jpg,budget
C:\Users\yogit\Downloads\archive (6)\docs-sm\budget\2044944260.jpg,budget
C:\Users\yogit\Downloads\archive (6)\docs-sm\budget\2045407368.jpg,budget
C:\Users\yogit\Downloads\archive (6)\docs-sm\budget\2045467531.jpg,budget
C:\Users\yogit\Downloads\archive (6)\docs-sm\budget\2045467641.jpg,budget
C:\Users\yogit\Downloads\archive (6)\docs-sm\budget\2045467766.jpg,budget
C:\Users\yogit\Downloads\archive (6)\docs-sm\budget\2045467826.jpg,budget
C:\Users\yogit\Downloads\archive (6)\docs-sm\budget\2045467868.jpg,budget
C:\Users\yogit\Downloads\archive (6)\docs-sm\budget\2045492166_2045492167.jpg,budget
C:\Users\yogit\Downloads\archive (6)\docs-sm\budget\2045807408.jpg,budget
C:\Users\yogit\Downloads\archive (6)\docs-sm\budget\2045813980.jpg,budget
C:\Users\yogit\Downloads\archive (6)\docs-sm\budget\2046553856_2046553872.jpg,budget
C:\Users\yogit\Downloads\archive (6)\docs-sm\budget\2047686238_6261.jpg,budget
C:\Users\yogit\Downloads\archive (6)\docs-sm\budget\2048231940.jpg,budget
C:\Users\yogit\Downloads\archive (6)\docs-sm\budget\2048521503.jpg,budget
C:\Users\yogit\Downloads\archive (6)\docs-sm\budget\2048679287_2048679288.jpg,budget
C:\Users\yogit\Downloads\archive (6)\docs-sm\budget\2049418249.jpg,budget
C:\Users\yogit\Downloads\archive (6)\docs-sm\budget\2049418942.jpg,budget
C:\Users\yogit\Downloads\archive (6)\docs-sm\budget\2049431455.jpg,budget
C:\Users\yogit\Downloads\archive (6)\docs-sm\budget\2050888247.jpg,budget
C:\Users\yogit\Downloads\archive (6)\docs-sm\budget\2051674156_2051674157.jpg,budget
C:\Users\yogit\Downloads\archive (6)\docs-sm\budget\2058117333_2058117334.jpg,budget
C:\Users\yogit\Downloads\archive (6)\docs-sm\budget\2058146344_2058146363.jpg,budget
C:\Users\yogit\Downloads\archive (6)\docs-sm\budget\2058233426_3438.jpg,budget
C:\Users\yogit\Downloads\archive (6)\docs-sm\budget\2062352208_2210.jpg,budget
C:\Users\yogit\Downloads\archive (6)\docs-sm\budget\2063118582.jpg,budget
C:\Users\yogit\Downloads\archive (6)\docs-sm\budget\2063172469_2471.jpg,budget
C:\Users\yogit\Downloads\archive (6)\docs-sm\budget\2063178255_8257.jpg,budget
C:\Users\yogit\Downloads\archive (6)\docs-sm\budget\2063180418.jpg,budget
C:\Users\yogit\Downloads\archive (6)\docs-sm\budget\2063181227_1228.jpg,budget
C:\Users\yogit\Downloads\archive (6)\docs-sm\budget\2063181254_1257a.jpg,budget
C:\Users\yogit\Downloads\archive (6)\docs-sm\budget\2063233798_3811.jpg,budget
C:\Users\yogit\Downloads\archive (6)\docs-sm\budget\2063233847_3858.jpg,budget
C:\Users\yogit\Downloads\archive (6)\docs-sm\budget\2063238317.jpg,budget
C:\Users\yogit\Downloads\archive (6)\docs-sm\budget\2063245842.jpg,budget
C:\Users\yogit\Downloads\archive (6)\docs-sm\budget\2063249217.jpg,budget
C:\Users\yogit\Downloads\archive (6)\docs-sm\budget\2063323717.jpg,budget
C:\Users\yogit\Downloads\archive (6)\docs-sm\budget\2063590829.jpg,budget
C:\Users\yogit\Downloads\archive (6)\docs-sm\budget\2063732863_2871.jpg,budget
C:\Users\yogit\Downloads\archive (6)\docs-sm\budget\2064719029_9034.jpg,budget
C:\Users\yogit\Downloads\archive (6)\docs-sm\budget\2064763047.jpg,budget
C:\Users\yogit\Downloads\archive (6)\docs-sm\budget\2064877011.jpg,budget
C:\Users\yogit\Downloads\archive (6)\docs-sm\budget\2065174135_4136.jpg,budget
C:\Users\yogit\Downloads\archive (6)\docs-sm\budget\2065424083a.jpg,budget
C:\Users\yogit\Downloads\archive (6)\docs-sm\budget\2070227946_7954.jpg,budget
C:\Users\yogit\Downloads\archive (6)\docs-sm\budget\2070622831.jpg,budget
C:\Users\yogit\Downloads\archive (6)\docs-sm\budget\2071495149.jpg,budget
C:\Users\yogit\Downloads\archive (6)\docs-sm\budget\2072597286_7289.jpg,budget
C:\Users\yogit\Downloads\archive (6)\docs-sm\budget\2072616806.jpg,budget
C:\Users\yogit\Downloads\archive (6)\docs-sm\budget\2072984603_4604.jpg,budget
C:\Users\yogit\Downloads\archive (6)\docs-sm\budget\2073004586.jpg,budget
C:\Users\yogit\Downloads\archive (6)\docs-sm\budget\2073096112_6118.jpg,budget
C:\Users\yogit\Downloads\archive (6)\docs-sm\budget\2073453294_3295.jpg,budget
C:\Users\yogit\Downloads\archive (6)\docs-sm\budget\2073763488.jpg,budget
C:\Users\yogit\Downloads\archive (6)\docs-sm\budget\2073933876_3885.jpg,budget
C:\Users\yogit\Downloads\archive (6)\docs-sm\budget\2074017451.jpg,budget
C:\Users\yogit\Downloads\archive (6)\docs-sm\budget\2076372854.jpg,budget
C:\Users\yogit\Downloads\archive (6)\docs-sm\budget\2078232771.jpg,budget
C:\Users\yogit\Downloads\archive (6)\docs-sm\budget\2079130010.jpg,budget
C:\Users\yogit\Downloads\archive (6)\docs-sm\budget\2080117362.jpg,budget
C:\Users\yogit\Downloads\archive (6)\docs-sm\budget\2085557573_7574.jpg,budget
C:\Users\yogit\Downloads\archive (6)\docs-sm\budget\2085799444_9449.jpg,budget
C:\Users\yogit\Downloads\archive (6)\docs-sm\budget\24007867.jpg,budget
C:\Users\yogit\Downloads\archive (6)\docs-sm\budget\24010630.jpg,budget
C:\Users\yogit\Downloads\archive (6)\docs-sm\budget\24010777.jpg,budget
C:\Users\yogit\Downloads\archive (6)\docs-sm\budget\24010797.jpg,budget
C:\Users\yogit\Downloads\archive (6)\docs-sm\budget\24010880.jpg,budget
C:\Users\yogit\Downloads\archive (6)\docs-sm\budget\24011851.jpg,budget
C:\Users\yogit\Downloads\archive (6)\docs-sm\budget\24012127.jpg,budget
C:\Users\yogit\Downloads\archive (6)\docs-sm\budget\24012239.jpg,budget
C:\Users\yogit\Downloads\archive (6)\docs-sm\budget\24012240.jpg,budget
C:\Users\yogit\Downloads\archive (6)\docs-sm\budget\24012515.jpg,budget
C:\Users\yogit\Downloads\archive (6)\docs-sm\budget\24012681.jpg,budget
C:\Users\yogit\Downloads\archive (6)\docs-sm\budget\24013236.jpg,budget
C:\Users\yogit\Downloads\archive (6)\docs-sm\budget\24015070_24015071.jpg,budget
C:\Users\yogit\Downloads\archive (6)\docs-sm\budget\33004547_33004561.jpg,budget
C:\Users\yogit\Downloads\archive (6)\docs-sm\budget\44005581.jpg,budget
C:\Users\yogit\Downloads\archive (6)\docs-sm\budget\44007068.jpg,budget
C:\Users\yogit\Downloads\archive (6)\docs-sm\budget\44009783.jpg,budget
C:\Users\yogit\Downloads\archive (6)\docs-sm\budget\80302160.jpg,budget
C:\Users\yogit\Downloads\archive (6)\docs-sm\budget\81877027.jpg,budget
C:\Users\yogit\Downloads\archive (6)\docs-sm\budget\82411142.jpg,budget
C:\Users\yogit\Downloads\archive (6)\docs-sm\budget\82579026.jpg,budget
C:\Users\yogit\Downloads\archive (6)\docs-sm\budget\82589021.jpg,budget
C:\Users\yogit\Downloads\archive (6)\docs-sm\budget\82624369.jpg,budget
C:\Users\yogit\Downloads\archive (6)\docs-sm\budget\82919524.jpg,budget
C:\Users\yogit\Downloads\archive (6)\docs-sm\budget\83312346.jpg,budget
C:\Users\yogit\Downloads\archive (6)\docs-sm\budget\83373860_3862.jpg,budget
C:\Users\yogit\Downloads\archive (6)\docs-sm\budget\83374142.jpg,budget
C:\Users\yogit\Downloads\archive (6)\docs-sm\budget\83615386.jpg,budget
C:\Users\yogit\Downloads\archive (6)\docs-sm\budget\85006560.jpg,budget
C:\Users\yogit\Downloads\archive (6)\docs-sm\budget\86000145.jpg,budget
C:\Users\yogit\Downloads\archive (6)\docs-sm\budget\86462867.jpg,budget
C:\Users\yogit\Downloads\archive (6)\docs-sm\budget\86652042.jpg,budget
C:\Users\yogit\Downloads\archive (6)\docs-sm\budget\87055695_5696.jpg,budget
C:\Users\yogit\Downloads\archive (6)\docs-sm\budget\87646758.jpg,budget
C:\Users\yogit\Downloads\archive (6)\docs-sm\budget\87681190.jpg,budget
C:\Users\yogit\Downloads\archive (6)\docs-sm\budget\88093460_88093466.jpg,budget
C:\Users\yogit\Downloads\archive (6)\docs-sm\budget\88931589_88931591.jpg,budget
C:\Users\yogit\Downloads\archive (6)\docs-sm\budget\89250287.jpg,budget
C:\Users\yogit\Downloads\archive (6)\docs-sm\budget\89701297_1330.jpg,budget
C:\Users\yogit\Downloads\archive (6)\docs-sm\budget\89707830.jpg,budget
C:\Users\yogit\Downloads\archive (6)\docs-sm\budget\91706385.jpg,budget
C:\Users\yogit\Downloads\archive (6)\docs-sm\budget\91716864_6870.jpg,budget
C:\Users\yogit\Downloads\archive (6)\docs-sm\budget\91891343.jpg,budget
C:\Users\yogit\Downloads\archive (6)\docs-sm\budget\91891365.jpg,budget
C:\Users\yogit\Downloads\archive (6)\docs-sm\budget\92141877_1895.jpg,budget
C:\Users\yogit\Downloads\archive (6)\docs-sm\budget\92577570.jpg,budget
C:\Users\yogit\Downloads\archive (6)\docs-sm\budget\92603051_3052.jpg,budget
C:\Users\yogit\Downloads\archive (6)\docs-sm\budget\93177466.jpg,budget
C:\Users\yogit\Downloads\archive (6)\docs-sm\budget\93218323_93218324.jpg,budget
C:\Users\yogit\Downloads\archive (6)\docs-sm\budget\93281961.jpg,budget
C:\Users\yogit\Downloads\archive (6)\docs-sm\budget\93466006_6010.jpg,budget
C:\Users\yogit\Downloads\archive (6)\docs-sm\budget\93475095_5096.jpg,budget
C:\Users\yogit\Downloads\archive (6)\docs-sm\budget\93475628_93475629.jpg,budget
C:\Users\yogit\Downloads\archive (6)\docs-sm\budget\93497205.jpg,budget
C:\Users\yogit\Downloads\archive (6)\docs-sm\budget\93502372.jpg,budget
C:\Users\yogit\Downloads\archive (6)\docs-sm\budget\93797773_93797779.jpg,budget
C:\Users\yogit\Downloads\archive (6)\docs-sm\budget\94004659.jpg,budget
C:\Users\yogit\Downloads\archive (6)\docs-sm\budget\94004810.jpg,budget
C:\Users\yogit\Downloads\archive (6)\docs-sm\budget\94004842.jpg,budget
C:\Users\yogit\Downloads\archive (6)\docs-sm\budget\94006486.jpg,budget
C:\Users\yogit\Downloads\archive (6)\docs-sm\budget\94008098.jpg,budget
C:\Users\yogit\Downloads\archive (6)\docs-sm\budget\94415603_94415606.jpg,budget
C:\Users\yogit\Downloads\archive (6)\docs-sm\budget\96179710.jpg,budget
C:\Users\yogit\Downloads\archive (6)\docs-sm\budget\96179730.jpg,budget
C:\Users\yogit\Downloads\archive (6)\docs-sm\budget\96444977_5006.jpg,budget
C:\Users\yogit\Downloads\archive (6)\docs-sm\budget\96632116_2127.jpg,budget
C:\Users\yogit\Downloads\archive (6)\docs-sm\budget\96652671.jpg,budget
C:\Users\yogit\Downloads\archive (6)\docs-sm\budget\96652855_2857.jpg,budget
C:\Users\yogit\Downloads\archive (6)\docs-sm\budget\96696746_6747.jpg,budget
C:\Users\yogit\Downloads\archive (6)\docs-sm\budget\98689882_9888.jpg,budget
C:\Users\yogit\Downloads\archive (6)\docs-sm\budget\okl00200.89.jpg,budget
C:\Users\yogit\Downloads\archive (6)\docs-sm\budget\okl00202.49.jpg,budget
C:\Users\yogit\Downloads\archive (6)\docs-sm\budget\okl00203.53_okl00203.55.jpg,budget
C:\Users\yogit\Downloads\archive (6)\docs-sm\budget\tcal0249005_9007.jpg,budget
C:\Users\yogit\Downloads\archive (6)\docs-sm\budget\tcal0349620_9621.jpg,budget
C:\Users\yogit\Downloads\archive (6)\docs-sm\budget\tcal0350187.jpg,budget
C:\Users\yogit\Downloads\archive (6)\docs-sm\budget\tcal0414109.jpg,budget
C:\Users\yogit\Downloads\archive (6)\docs-sm\budget\tcal0414260.jpg,budget
C:\Users\yogit\Downloads\archive (6)\docs-sm\budget\tcal0414335.jpg,budget
C:\Users\yogit\Downloads\archive (6)\docs-sm\budget\tcal0437428_7430.jpg,budget
C:\Users\yogit\Downloads\archive (6)\docs-sm\budget\tcal0467049.jpg,budget
C:\Users\yogit\Downloads\archive (6)\docs-sm\budget\tcal0468927.jpg,budget
C:\Users\yogit\Downloads\archive (6)\docs-sm\budget\ti14580666.jpg,budget
C:\Users\yogit\Downloads\archive (6)\docs-sm\budget\ti14812244_2245.jpg,budget
C:\Users\yogit\Downloads\archive (6)\docs-sm\budget\ti16240477_0478.jpg,budget
C:\Users\yogit\Downloads\archive (6)\docs-sm\budget\ti16240640.jpg,budget
C:\Users\yogit\Downloads\archive (6)\docs-sm\budget\ti16351194.jpg,budget
C:\Users\yogit\Downloads\archive (6)\docs-sm\budget\ti16351563_1566.jpg,budget
C:\Users\yogit\Downloads\archive (6)\docs-sm\budget\ti16352310.jpg,budget
C:\Users\yogit\Downloads\archive (6)\docs-sm\budget\ti16370003_0004.jpg,budget
C:\Users\yogit\Downloads\archive (6)\docs-sm\budget\ti16490612.jpg,budget
C:\Users\yogit\Downloads\archive (6)\docs-sm\budget\ti16531584_1585.jpg,budget
C:\Users\yogit\Downloads\archive (6)\docs-sm\budget\ti16670975.jpg,budget
C:\Users\yogit\Downloads\archive (6)\docs-sm\budget\ti16681417.jpg,budget
C:\Users\yogit\Downloads\archive (6)\docs-sm\budget\ti16811114.jpg,budget
C:\Users\yogit\Downloads\archive (6)\docs-sm\budget\ti17150023.jpg,budget
C:\Users\yogit\Downloads\archive (6)\docs-sm\budget\ti17460291_0296.jpg,budget
C:\Users\yogit\Downloads\archive (6)\docs-sm\budget\ti17471486.jpg,budget
C:\Users\yogit\Downloads\archive (6)\docs-sm\budget\ti17471783.jpg,budget
C:\Users\yogit\Downloads\archive (6)\docs-sm\budget\ti30539000_9037.jpg,budget
C:\Users\yogit\Downloads\archive (6)\docs-sm\budget\ti31111300.jpg,budget
C:\Users\yogit\Downloads\archive (6)\docs-sm\budget\ti31111422.jpg,budget
C:\Users\yogit\Downloads\archive (6)\docs-sm\budget\ti31329047.jpg,budget
C:\Users\yogit\Downloads\archive (6)\docs-sm\budget\tien0000116_0120.jpg,budget
C:\Users\yogit\Downloads\archive (6)\docs-sm\budget\tim01045.57_tim01045.58.jpg,budget
C:\Users\yogit\Downloads\archive (6)\docs-sm\budget\tim01314.91.jpg,budget
C:\Users\yogit\Downloads\archive (6)\docs-sm\budget\timo0005203.jpg,budget
C:\Users\yogit\Downloads\archive (6)\docs-sm\budget\timo0006274_6278.jpg,budget
C:\Users\yogit\Downloads\archive (6)\docs-sm\budget\titx0809.71_titx0809.74.jpg,budget
C:\Users\yogit\Downloads\archive (6)\docs-sm\budget\titx0904.64.jpg,budget
C:\Users\yogit\Downloads\archive (6)\docs-sm\budget\tnwl0000244.jpg,budget
C:\Users\yogit\Downloads\archive (6)\docs-sm\budget\tnwl0000544.jpg,budget
C:\Users\yogit\Downloads\archive (6)\docs-sm\budget\tnwl0000773_0774.jpg,budget
C:\Users\yogit\Downloads\archive (6)\docs-sm\budget\tnwl0000812_0815.jpg,budget
C:\Users\yogit\Downloads\archive (6)\docs-sm\budget\tnwl0003122.jpg,budget
C:\Users\yogit\Downloads\archive (6)\docs-sm\budget\tnwl0007506.jpg,budget
C:\Users\yogit\Downloads\archive (6)\docs-sm\budget\tnwl0017788.jpg,budget
C:\Users\yogit\Downloads\archive (6)\docs-sm\budget\tnwl0018842.jpg,budget
C:\Users\yogit\Downloads\archive (6)\docs-sm\budget\tnwl0021205.jpg,budget
C:\Users\yogit\Downloads\archive (6)\docs-sm\budget\tnwl0021908.jpg,budget
C:\Users\yogit\Downloads\archive (6)\docs-sm\budget\tnwl0021913.jpg,budget
C:\Users\yogit\Downloads\archive (6)\docs-sm\budget\tnwl0022997.jpg,budget
C:\Users\yogit\Downloads\archive (6)\docs-sm\budget\tnwl0023053.jpg,budget
C:\Users\yogit\Downloads\archive (6)\docs-sm\budget\tnwl0024731.jpg,budget
C:\Users\yogit\Downloads\archive (6)\docs-sm\budget\tnwl0024770.jpg,budget
C:\Users\yogit\Downloads\archive (6)\docs-sm\budget\tnwl0024803.jpg,budget
C:\Users\yogit\Downloads\archive (6)\docs-sm\budget\tnwl0024817.jpg,budget
C:\Users\yogit\Downloads\archive (6)\docs-sm\budget\tnwl0024871.jpg,budget
C:\Users\yogit\Downloads\archive (6)\docs-sm\budget\tnwl0025081.jpg,budget
C:\Users\yogit\Downloads\archive (6)\docs-sm\budget\tnwl0025510.jpg,budget
C:\Users\yogit\Downloads\archive (6)\docs-sm\budget\tnwl0025980.jpg,budget
C:\Users\yogit\Downloads\archive (6)\docs-sm\budget\tnwl0028324.jpg,budget
C:\Users\yogit\Downloads\archive (6)\docs-sm\budget\tnwl0034327.jpg,budget
C:\Users\yogit\Downloads\archive (6)\docs-sm\budget\tnwl0034619.jpg,budget
C:\Users\yogit\Downloads\archive (6)\docs-sm\budget\tnwl0034642.jpg,budget
C:\Users\yogit\Downloads\archive (6)\docs-sm\budget\tnwl0034670.jpg,budget
C:\Users\yogit\Downloads\archive (6)\docs-sm\budget\tnwl0034677.jpg,budget
C:\Users\yogit\Downloads\archive (6)\docs-sm\budget\tnwl0039061.jpg,budget
C:\Users\yogit\Downloads\archive (6)\docs-sm\budget\tnwl0043786_3787.jpg,budget
C:\Users\yogit\Downloads\archive (6)\docs-sm\budget\tob01310.16_tob01310.24.jpg,budget
C:\Users\yogit\Downloads\archive (6)\docs-sm\budget\tob07117.75.jpg,budget
C:\Users\yogit\Downloads\archive (6)\docs-sm\budget\tob07118.17.jpg,budget
C:\Users\yogit\Downloads\archive (6)\docs-sm\budget\tob07119.73.jpg,budget
C:\Users\yogit\Downloads\archive (6)\docs-sm\budget\tob07122.95.jpg,budget
C:\Users\yogit\Downloads\archive (6)\docs-sm\budget\tob07123.06.jpg,budget
C:\Users\yogit\Downloads\archive (6)\docs-sm\budget\tob07123.53.jpg,budget
C:\Users\yogit\Downloads\archive (6)\docs-sm\budget\tob07802.96.jpg,budget
C:\Users\yogit\Downloads\archive (6)\docs-sm\budget\tob08102.79_tob08102.82.jpg,budget
C:\Users\yogit\Downloads\archive (6)\docs-sm\budget\tob08217.60.jpg,budget
C:\Users\yogit\Downloads\archive (6)\docs-sm\budget\tob08220.46.jpg,budget
C:\Users\yogit\Downloads\archive (6)\docs-sm\budget\tob08817.83.jpg,budget
C:\Users\yogit\Downloads\archive (6)\docs-sm\budget\tob11117.34_tob11117.39.jpg,budget
C:\Users\yogit\Downloads\archive (6)\docs-sm\budget\tob11130.68_tob11130.69.jpg,budget
C:\Users\yogit\Downloads\archive (6)\docs-sm\budget\tob13708.65.jpg,budget
C:\Users\yogit\Downloads\archive (6)\docs-sm\budget\tob13710.09_tob13710.12.jpg,budget
C:\Users\yogit\Downloads\archive (6)\docs-sm\budget\tob13713.08.jpg,budget
C:\Users\yogit\Downloads\archive (6)\docs-sm\budget\tob13714.20_tob13714.25.jpg,budget
C:\Users\yogit\Downloads\archive (6)\docs-sm\budget\tob18624.14.jpg,budget
C:\Users\yogit\Downloads\archive (6)\docs-sm\budget\tob18708.52.jpg,budget
C:\Users\yogit\Downloads\archive (6)\docs-sm\budget\ton01802.40.jpg,budget
C:\Users\yogit\Downloads\archive (6)\docs-sm\budget\ton01920.33.jpg,budget
C:\Users\yogit\Downloads\archive (6)\docs-sm\budget\ton03709.21.jpg,budget
C:\Users\yogit\Downloads\archive (6)\docs-sm\budget\ton04407.32.jpg,budget
C:\Users\yogit\Downloads\archive (6)\docs-sm\budget\ton05006.37.jpg,budget
C:\Users\yogit\Downloads\archive (6)\docs-sm\budget\ton05110.06.jpg,budget
C:\Users\yogit\Downloads\archive (6)\docs-sm\email\2064207146a.jpg,email
C:\Users\yogit\Downloads\archive (6)\docs-sm\email\2064207414b_7415.jpg,email
C:\Users\yogit\Downloads\archive (6)\docs-sm\email\2064207579a.jpg,email
C:\Users\yogit\Downloads\archive (6)\docs-sm\email\2064213257_3257a.jpg,email
C:\Users\yogit\Downloads\archive (6)\docs-sm\email\2067238977.jpg,email
C:\Users\yogit\Downloads\archive (6)\docs-sm\email\2067618492_2067618493.jpg,email
C:\Users\yogit\Downloads\archive (6)\docs-sm\email\2067649713.jpg,email
C:\Users\yogit\Downloads\archive (6)\docs-sm\email\2067679886.jpg,email
C:\Users\yogit\Downloads\archive (6)\docs-sm\email\2067686553.jpg,email
C:\Users\yogit\Downloads\archive (6)\docs-sm\email\2067712430.jpg,email
C:\Users\yogit\Downloads\archive (6)\docs-sm\email\2069751272.jpg,email
C:\Users\yogit\Downloads\archive (6)\docs-sm\email\2070044988b.jpg,email
C:\Users\yogit\Downloads\archive (6)\docs-sm\email\2070045060a.jpg,email
C:\Users\yogit\Downloads\archive (6)\docs-sm\email\2070046307a.jpg,email
C:\Users\yogit\Downloads\archive (6)\docs-sm\email\2070055167d.jpg,email
C:\Users\yogit\Downloads\archive (6)\docs-sm\email\2070229300.jpg,email
C:\Users\yogit\Downloads\archive (6)\docs-sm\email\2070361244.jpg,email
C:\Users\yogit\Downloads\archive (6)\docs-sm\email\2070437930d_7931.jpg,email
C:\Users\yogit\Downloads\archive (6)\docs-sm\email\2070699016.jpg,email
C:\Users\yogit\Downloads\archive (6)\docs-sm\email\2071279280_9280a.jpg,email
C:\Users\yogit\Downloads\archive (6)\docs-sm\email\2071420588.jpg,email
C:\Users\yogit\Downloads\archive (6)\docs-sm\email\2071863991d.jpg,email
C:\Users\yogit\Downloads\archive (6)\docs-sm\email\2071864008a.jpg,email
C:\Users\yogit\Downloads\archive (6)\docs-sm\email\2072217485.jpg,email
C:\Users\yogit\Downloads\archive (6)\docs-sm\email\2072334910c_4911.jpg,email
C:\Users\yogit\Downloads\archive (6)\docs-sm\email\2072389113b.jpg,email
C:\Users\yogit\Downloads\archive (6)\docs-sm\email\2072436611.jpg,email
C:\Users\yogit\Downloads\archive (6)\docs-sm\email\2072597633.jpg,email
C:\Users\yogit\Downloads\archive (6)\docs-sm\email\2072796336c.jpg,email
C:\Users\yogit\Downloads\archive (6)\docs-sm\email\2072815594a.jpg,email
C:\Users\yogit\Downloads\archive (6)\docs-sm\email\2073488544a.jpg,email
C:\Users\yogit\Downloads\archive (6)\docs-sm\email\2073788894.jpg,email
C:\Users\yogit\Downloads\archive (6)\docs-sm\email\2073806199d.jpg,email
C:\Users\yogit\Downloads\archive (6)\docs-sm\email\2073813674a.jpg,email
C:\Users\yogit\Downloads\archive (6)\docs-sm\email\2074162425a.jpg,email
C:\Users\yogit\Downloads\archive (6)\docs-sm\email\2074590340a.jpg,email
C:\Users\yogit\Downloads\archive (6)\docs-sm\email\2074651324c.jpg,email
C:\Users\yogit\Downloads\archive (6)\docs-sm\email\2074669877.jpg,email
C:\Users\yogit\Downloads\archive (6)\docs-sm\email\2074787886a.jpg,email
C:\Users\yogit\Downloads\archive (6)\docs-sm\email\2074853115b_3116.jpg,email
C:\Users\yogit\Downloads\archive (6)\docs-sm\email\2074941879.jpg,email
C:\Users\yogit\Downloads\archive (6)\docs-sm\email\2075029957b.jpg,email
C:\Users\yogit\Downloads\archive (6)\docs-sm\email\2075060349.jpg,email
C:\Users\yogit\Downloads\archive (6)\docs-sm\email\2075574129b_4130.jpg,email
C:\Users\yogit\Downloads\archive (6)\docs-sm\email\2075574320a_4326.jpg,email
C:\Users\yogit\Downloads\archive (6)\docs-sm\email\2076143292a.jpg,email
C:\Users\yogit\Downloads\archive (6)\docs-sm\email\2076152477e.jpg,email
C:\Users\yogit\Downloads\archive (6)\docs-sm\email\2076796036.jpg,email
C:\Users\yogit\Downloads\archive (6)\docs-sm\email\2076861667a.jpg,email
C:\Users\yogit\Downloads\archive (6)\docs-sm\email\2076890467.jpg,email
C:\Users\yogit\Downloads\archive (6)\docs-sm\email\2076900650.jpg,email
C:\Users\yogit\Downloads\archive (6)\docs-sm\email\2076999660c.jpg,email
C:\Users\yogit\Downloads\archive (6)\docs-sm\email\2077620841a.jpg,email
C:\Users\yogit\Downloads\archive (6)\docs-sm\email\2077620862c_0863.jpg,email
C:\Users\yogit\Downloads\archive (6)\docs-sm\email\2077986647a.jpg,email
C:\Users\yogit\Downloads\archive (6)\docs-sm\email\2078021052a.jpg,email
C:\Users\yogit\Downloads\archive (6)\docs-sm\email\2078123201c.jpg,email
C:\Users\yogit\Downloads\archive (6)\docs-sm\email\2078165311a_5312.jpg,email
C:\Users\yogit\Downloads\archive (6)\docs-sm\email\2078186233a.jpg,email
C:\Users\yogit\Downloads\archive (6)\docs-sm\email\2078193737.jpg,email
C:\Users\yogit\Downloads\archive (6)\docs-sm\email\2078199131a.jpg,email
C:\Users\yogit\Downloads\archive (6)\docs-sm\email\2078199258b.jpg,email
C:\Users\yogit\Downloads\archive (6)\docs-sm\email\2078206713d.jpg,email
C:\Users\yogit\Downloads\archive (6)\docs-sm\email\2078207760.jpg,email
C:\Users\yogit\Downloads\archive (6)\docs-sm\email\2078209404.jpg,email
C:\Users\yogit\Downloads\archive (6)\docs-sm\email\2078306027.jpg,email
C:\Users\yogit\Downloads\archive (6)\docs-sm\email\2078310297.jpg,email
C:\Users\yogit\Downloads\archive (6)\docs-sm\email\2078313974.jpg,email
C:\Users\yogit\Downloads\archive (6)\docs-sm\email\2078336987.jpg,email
C:\Users\yogit\Downloads\archive (6)\docs-sm\email\2078379381a.jpg,email
C:\Users\yogit\Downloads\archive (6)\docs-sm\email\2078427563a_7565.jpg,email
C:\Users\yogit\Downloads\archive (6)\docs-sm\email\2078439651.jpg,email
C:\Users\yogit\Downloads\archive (6)\docs-sm\email\2078445819.jpg,email
C:\Users\yogit\Downloads\archive (6)\docs-sm\email\2078460440.jpg,email
C:\Users\yogit\Downloads\archive (6)\docs-sm\email\2078563452_3453.jpg,email
C:\Users\yogit\Downloads\archive (6)\docs-sm\email\2078584100.jpg,email
C:\Users\yogit\Downloads\archive (6)\docs-sm\email\2078611247.jpg,email
C:\Users\yogit\Downloads\archive (6)\docs-sm\email\2078712079.jpg,email
C:\Users\yogit\Downloads\archive (6)\docs-sm\email\2078718785b.jpg,email
C:\Users\yogit\Downloads\archive (6)\docs-sm\email\2078738415.jpg,email
C:\Users\yogit\Downloads\archive (6)\docs-sm\email\2078738426.jpg,email
C:\Users\yogit\Downloads\archive (6)\docs-sm\email\2078776378.jpg,email
C:\Users\yogit\Downloads\archive (6)\docs-sm\email\2078778038.jpg,email
C:\Users\yogit\Downloads\archive (6)\docs-sm\email\2078791283.jpg,email
C:\Users\yogit\Downloads\archive (6)\docs-sm\email\2078802274.jpg,email
C:\Users\yogit\Downloads\archive (6)\docs-sm\email\2078829415.jpg,email
C:\Users\yogit\Downloads\archive (6)\docs-sm\email\2078868211.jpg,email
C:\Users\yogit\Downloads\archive (6)\docs-sm\email\2078870222.jpg,email
C:\Users\yogit\Downloads\archive (6)\docs-sm\email\2078873173.jpg,email
C:\Users\yogit\Downloads\archive (6)\docs-sm\email\2078874498.jpg,email
C:\Users\yogit\Downloads\archive (6)\docs-sm\email\2078875030.jpg,email
C:\Users\yogit\Downloads\archive (6)\docs-sm\email\2078876592.jpg,email
C:\Users\yogit\Downloads\archive (6)\docs-sm\email\2080199276a_9277.jpg,email
C:\Users\yogit\Downloads\archive (6)\docs-sm\email\2080436359b_6360.jpg,email
C:\Users\yogit\Downloads\archive (6)\docs-sm\email\2080787169.jpg,email
C:\Users\yogit\Downloads\archive (6)\docs-sm\email\2080843299.jpg,email
C:\Users\yogit\Downloads\archive (6)\docs-sm\email\2080920004a.jpg,email
C:\Users\yogit\Downloads\archive (6)\docs-sm\email\2081172407a.jpg,email
C:\Users\yogit\Downloads\archive (6)\docs-sm\email\2081183829c_3830.jpg,email
C:\Users\yogit\Downloads\archive (6)\docs-sm\email\2081350135.jpg,email
C:\Users\yogit\Downloads\archive (6)\docs-sm\email\2081484345.jpg,email
C:\Users\yogit\Downloads\archive (6)\docs-sm\email\2081493039b.jpg,email
C:\Users\yogit\Downloads\archive (6)\docs-sm\email\2081502580.jpg,email
C:\Users\yogit\Downloads\archive (6)\docs-sm\email\2081505304.jpg,email
C:\Users\yogit\Downloads\archive (6)\docs-sm\email\2081995794b.jpg,email
C:\Users\yogit\Downloads\archive (6)\docs-sm\email\2082058850a.jpg,email
C:\Users\yogit\Downloads\archive (6)\docs-sm\email\2082066425a.jpg,email
C:\Users\yogit\Downloads\archive (6)\docs-sm\email\2082108151.jpg,email
C:\Users\yogit\Downloads\archive (6)\docs-sm\email\2082197125.jpg,email
C:\Users\yogit\Downloads\archive (6)\docs-sm\email\2082713618b.jpg,email
C:\Users\yogit\Downloads\archive (6)\docs-sm\email\2082835153c.jpg,email
C:\Users\yogit\Downloads\archive (6)\docs-sm\email\2082919511a.jpg,email
C:\Users\yogit\Downloads\archive (6)\docs-sm\email\2082921074a.jpg,email
C:\Users\yogit\Downloads\archive (6)\docs-sm\email\2082981534c.jpg,email
C:\Users\yogit\Downloads\archive (6)\docs-sm\email\2083183184a.jpg,email
C:\Users\yogit\Downloads\archive (6)\docs-sm\email\2083291895b_1896.jpg,email
C:\Users\yogit\Downloads\archive (6)\docs-sm\email\2083292422a.jpg,email
C:\Users\yogit\Downloads\archive (6)\docs-sm\email\2083318286a.jpg,email
C:\Users\yogit\Downloads\archive (6)\docs-sm\email\2083318705a.jpg,email
C:\Users\yogit\Downloads\archive (6)\docs-sm\email\2083319555a.jpg,email
C:\Users\yogit\Downloads\archive (6)\docs-sm\email\2083634643c.jpg,email
C:\Users\yogit\Downloads\archive (6)\docs-sm\email\2083647354a.jpg,email
C:\Users\yogit\Downloads\archive (6)\docs-sm\email\2083647591b.jpg,email
C:\Users\yogit\Downloads\archive (6)\docs-sm\email\2083647735c.jpg,email
C:\Users\yogit\Downloads\archive (6)\docs-sm\email\2083648056b.jpg,email
C:\Users\yogit\Downloads\archive (6)\docs-sm\email\2083648404a.jpg,email
C:\Users\yogit\Downloads\archive (6)\docs-sm\email\2084033388c.jpg,email
C:\Users\yogit\Downloads\archive (6)\docs-sm\email\2084054554a.jpg,email
C:\Users\yogit\Downloads\archive (6)\docs-sm\email\2084194516b.jpg,email
C:\Users\yogit\Downloads\archive (6)\docs-sm\email\2084289047c_9048.jpg,email
C:\Users\yogit\Downloads\archive (6)\docs-sm\email\2084326377a.jpg,email
C:\Users\yogit\Downloads\archive (6)\docs-sm\email\2084390944b.jpg,email
C:\Users\yogit\Downloads\archive (6)\docs-sm\email\2084391089c.jpg,email
C:\Users\yogit\Downloads\archive (6)\docs-sm\email\2084391127e.jpg,email
C:\Users\yogit\Downloads\archive (6)\docs-sm\email\2085038443.jpg,email
C:\Users\yogit\Downloads\archive (6)\docs-sm\email\2085053788.jpg,email
C:\Users\yogit\Downloads\archive (6)\docs-sm\email\2085075216.jpg,email
C:\Users\yogit\Downloads\archive (6)\docs-sm\email\2085103918a.jpg,email
C:\Users\yogit\Downloads\archive (6)\docs-sm\email\2085108414b.jpg,email
C:\Users\yogit\Downloads\archive (6)\docs-sm\email\2085111551d.jpg,email
C:\Users\yogit\Downloads\archive (6)\docs-sm\email\2085113283.jpg,email
C:\Users\yogit\Downloads\archive (6)\docs-sm\email\2085113305a.jpg,email
C:\Users\yogit\Downloads\archive (6)\docs-sm\email\2085114103.jpg,email
C:\Users\yogit\Downloads\archive (6)\docs-sm\email\2085115371.jpg,email
C:\Users\yogit\Downloads\archive (6)\docs-sm\email\2085116521.jpg,email
C:\Users\yogit\Downloads\archive (6)\docs-sm\email\2085116639.jpg,email
C:\Users\yogit\Downloads\archive (6)\docs-sm\email\2085122992.jpg,email
C:\Users\yogit\Downloads\archive (6)\docs-sm\email\2085124116.jpg,email
C:\Users\yogit\Downloads\archive (6)\docs-sm\email\2085133630b.jpg,email
C:\Users\yogit\Downloads\archive (6)\docs-sm\email\2085133673b.jpg,email
C:\Users\yogit\Downloads\archive (6)\docs-sm\email\2085134007.jpg,email
C:\Users\yogit\Downloads\archive (6)\docs-sm\email\2085135434a.jpg,email
C:\Users\yogit\Downloads\archive (6)\docs-sm\email\2085135435b.jpg,email
C:\Users\yogit\Downloads\archive (6)\docs-sm\email\2085135815a.jpg,email
C:\Users\yogit\Downloads\archive (6)\docs-sm\email\2085136614c.jpg,email
C:\Users\yogit\Downloads\archive (6)\docs-sm\email\2085136814a.jpg,email
C:\Users\yogit\Downloads\archive (6)\docs-sm\email\2085140145a.jpg,email
C:\Users\yogit\Downloads\archive (6)\docs-sm\email\2085158326.jpg,email
C:\Users\yogit\Downloads\archive (6)\docs-sm\email\2085161311b.jpg,email
C:\Users\yogit\Downloads\archive (6)\docs-sm\email\2085184619.jpg,email
C:\Users\yogit\Downloads\archive (6)\docs-sm\email\2085215186.jpg,email
C:\Users\yogit\Downloads\archive (6)\docs-sm\email\2085269167.jpg,email
C:\Users\yogit\Downloads\archive (6)\docs-sm\email\2085279371.jpg,email
C:\Users\yogit\Downloads\archive (6)\docs-sm\email\2085315766.jpg,email
C:\Users\yogit\Downloads\archive (6)\docs-sm\email\2085524068.jpg,email
C:\Users\yogit\Downloads\archive (6)\docs-sm\email\2085696731c.jpg,email
C:\Users\yogit\Downloads\archive (6)\docs-sm\email\2085697006a.jpg,email
C:\Users\yogit\Downloads\archive (6)\docs-sm\email\2085697096b.jpg,email
C:\Users\yogit\Downloads\archive (6)\docs-sm\email\2085697244a.jpg,email
C:\Users\yogit\Downloads\archive (6)\docs-sm\email\2085697333c.jpg,email
C:\Users\yogit\Downloads\archive (6)\docs-sm\email\2085724650b.jpg,email
C:\Users\yogit\Downloads\archive (6)\docs-sm\email\2085724809a.jpg,email
C:\Users\yogit\Downloads\archive (6)\docs-sm\email\2085726270.jpg,email
C:\Users\yogit\Downloads\archive (6)\docs-sm\email\2085753821a.jpg,email
C:\Users\yogit\Downloads\archive (6)\docs-sm\email\2085754322.jpg,email
C:\Users\yogit\Downloads\archive (6)\docs-sm\email\2085756661.jpg,email
C:\Users\yogit\Downloads\archive (6)\docs-sm\email\2085760444a.jpg,email
C:\Users\yogit\Downloads\archive (6)\docs-sm\email\2085760730e.jpg,email
C:\Users\yogit\Downloads\archive (6)\docs-sm\email\2085761195b.jpg,email
C:\Users\yogit\Downloads\archive (6)\docs-sm\email\2085764223b.jpg,email
C:\Users\yogit\Downloads\archive (6)\docs-sm\email\2085764406d.jpg,email
C:\Users\yogit\Downloads\archive (6)\docs-sm\email\2085770406b_0407.jpg,email
C:\Users\yogit\Downloads\archive (6)\docs-sm\email\2085774750.jpg,email
C:\Users\yogit\Downloads\archive (6)\docs-sm\email\2085775545a.jpg,email
C:\Users\yogit\Downloads\archive (6)\docs-sm\email\2085775631.jpg,email
C:\Users\yogit\Downloads\archive (6)\docs-sm\email\2085777897e_7898.jpg,email
C:\Users\yogit\Downloads\archive (6)\docs-sm\email\2085778082.jpg,email
C:\Users\yogit\Downloads\archive (6)\docs-sm\email\2085778090d_8091.jpg,email
C:\Users\yogit\Downloads\archive (6)\docs-sm\email\2085783631a.jpg,email
C:\Users\yogit\Downloads\archive (6)\docs-sm\email\2085784446.jpg,email
C:\Users\yogit\Downloads\archive (6)\docs-sm\email\2085786922a.jpg,email
C:\Users\yogit\Downloads\archive (6)\docs-sm\email\2085787545c.jpg,email
C:\Users\yogit\Downloads\archive (6)\docs-sm\email\2085787558c.jpg,email
C:\Users\yogit\Downloads\archive (6)\docs-sm\email\2085789556.jpg,email
C:\Users\yogit\Downloads\archive (6)\docs-sm\email\2085792711.jpg,email
C:\Users\yogit\Downloads\archive (6)\docs-sm\email\2085795846d_5847.jpg,email
C:\Users\yogit\Downloads\archive (6)\docs-sm\email\2085795961a.jpg,email
C:\Users\yogit\Downloads\archive (6)\docs-sm\email\2085795970.jpg,email
C:\Users\yogit\Downloads\archive (6)\docs-sm\email\2085797534a.jpg,email
C:\Users\yogit\Downloads\archive (6)\docs-sm\email\2085797667.jpg,email
C:\Users\yogit\Downloads\archive (6)\docs-sm\email\2085802303d.jpg,email
C:\Users\yogit\Downloads\archive (6)\docs-sm\email\2085802375a.jpg,email
C:\Users\yogit\Downloads\archive (6)\docs-sm\email\2505105185.jpg,email
C:\Users\yogit\Downloads\archive (6)\docs-sm\email\2505107380.jpg,email
C:\Users\yogit\Downloads\archive (6)\docs-sm\email\2505159161_9162.jpg,email
C:\Users\yogit\Downloads\archive (6)\docs-sm\email\2505287910a.jpg,email
C:\Users\yogit\Downloads\archive (6)\docs-sm\email\2505496339a.jpg,email
C:\Users\yogit\Downloads\archive (6)\docs-sm\email\2505512632a.jpg,email
C:\Users\yogit\Downloads\archive (6)\docs-sm\email\2505592403a.jpg,email
C:\Users\yogit\Downloads\archive (6)\docs-sm\email\2505630347.jpg,email
C:\Users\yogit\Downloads\archive (6)\docs-sm\email\2505935014.jpg,email
C:\Users\yogit\Downloads\archive (6)\docs-sm\email\2505955923_5924.jpg,email
C:\Users\yogit\Downloads\archive (6)\docs-sm\email\523166849+-6849.jpg,email
C:\Users\yogit\Downloads\archive (6)\docs-sm\email\524064628+-4628.jpg,email
C:\Users\yogit\Downloads\archive (6)\docs-sm\email\526457032+-7033.jpg,email
C:\Users\yogit\Downloads\archive (6)\docs-sm\email\527792930+-2930.jpg,email
C:\Users\yogit\Downloads\archive (6)\docs-sm\email\527814380+-4380.jpg,email
C:\Users\yogit\Downloads\archive (6)\docs-sm\email\527826533+-6533.jpg,email
C:\Users\yogit\Downloads\archive (6)\docs-sm\email\527826573+-6574.jpg,email
C:\Users\yogit\Downloads\archive (6)\docs-sm\email\527865252+-5252.jpg,email
C:\Users\yogit\Downloads\archive (6)\docs-sm\email\527865346+-5347.jpg,email
C:\Users\yogit\Downloads\archive (6)\docs-sm\email\527868157+-8206.jpg,email
C:\Users\yogit\Downloads\archive (6)\docs-sm\email\527889659+-9659.jpg,email
C:\Users\yogit\Downloads\archive (6)\docs-sm\email\527894345+-4345.jpg,email
C:\Users\yogit\Downloads\archive (6)\docs-sm\email\527907594+-7594.jpg,email
C:\Users\yogit\Downloads\archive (6)\docs-sm\email\527913905+-3905.jpg,email
C:\Users\yogit\Downloads\archive (6)\docs-sm\email\528006336+-6336.jpg,email
C:\Users\yogit\Downloads\archive (6)\docs-sm\email\528008062+-8062.jpg,email
C:\Users\yogit\Downloads\archive (6)\docs-sm\email\528016823+-6823.jpg,email
C:\Users\yogit\Downloads\archive (6)\docs-sm\email\528023163+-3163.jpg,email
C:\Users\yogit\Downloads\archive (6)\docs-sm\email\528026434+-6434.jpg,email
C:\Users\yogit\Downloads\archive (6)\docs-sm\email\528028533+-8534.jpg,email
C:\Users\yogit\Downloads\archive (6)\docs-sm\email\528054430a-4430b.jpg,email
C:\Users\yogit\Downloads\archive (6)\docs-sm\email\528343357+-3358.jpg,email
C:\Users\yogit\Downloads\archive (6)\docs-sm\email\528348116+-8116.jpg,email
C:\Users\yogit\Downloads\archive (6)\docs-sm\email\528348355+-8355.jpg,email
C:\Users\yogit\Downloads\archive (6)\docs-sm\email\528395935+-5935.jpg,email
C:\Users\yogit\Downloads\archive (6)\docs-sm\email\528399921+-9921.jpg,email
C:\Users\yogit\Downloads\archive (6)\docs-sm\email\528403451+-3453.jpg,email
C:\Users\yogit\Downloads\archive (6)\docs-sm\email\528407164+-7164.jpg,email
C:\Users\yogit\Downloads\archive (6)\docs-sm\email\528414425+-4431.jpg,email
C:\Users\yogit\Downloads\archive (6)\docs-sm\email\528432180+-2180.jpg,email
C:\Users\yogit\Downloads\archive (6)\docs-sm\email\528583179+-3179.jpg,email
C:\Users\yogit\Downloads\archive (6)\docs-sm\email\528693250+-3251.jpg,email
C:\Users\yogit\Downloads\archive (6)\docs-sm\email\528748157+-8157.jpg,email
C:\Users\yogit\Downloads\archive (6)\docs-sm\email\528759006+-9007.jpg,email
C:\Users\yogit\Downloads\archive (6)\docs-sm\email\528790254+-0260.jpg,email
C:\Users\yogit\Downloads\archive (6)\docs-sm\email\528795352+-5352.jpg,email
C:\Users\yogit\Downloads\archive (6)\docs-sm\email\528797477+-7478.jpg,email
C:\Users\yogit\Downloads\archive (6)\docs-sm\email\528798018+-8018.jpg,email
C:\Users\yogit\Downloads\archive (6)\docs-sm\email\528806817+-6824.jpg,email
C:\Users\yogit\Downloads\archive (6)\docs-sm\email\528808446+-8446.jpg,email
C:\Users\yogit\Downloads\archive (6)\docs-sm\email\528832035+-2035.jpg,email
C:\Users\yogit\Downloads\archive (6)\docs-sm\email\528853966+-3966.jpg,email
C:\Users\yogit\Downloads\archive (6)\docs-sm\email\528854172+-4174.jpg,email
C:\Users\yogit\Downloads\archive (6)\docs-sm\email\528868015+-8016.jpg,email
C:\Users\yogit\Downloads\archive (6)\docs-sm\email\528897844+-7847.jpg,email
C:\Users\yogit\Downloads\archive (6)\docs-sm\email\528981650+-1651.jpg,email
C:\Users\yogit\Downloads\archive (6)\docs-sm\email\529210325+-0326.jpg,email
C:\Users\yogit\Downloads\archive (6)\docs-sm\email\529319719+-9719.jpg,email
C:\Users\yogit\Downloads\archive (6)\docs-sm\email\529336494+-6496.jpg,email
C:\Users\yogit\Downloads\archive (6)\docs-sm\email\530248760+-8760.jpg,email
C:\Users\yogit\Downloads\archive (6)\docs-sm\email\530274849+-4851.jpg,email
C:\Users\yogit\Downloads\archive (6)\docs-sm\email\530285747+-5749.jpg,email
C:\Users\yogit\Downloads\archive (6)\docs-sm\email\530289371+-9384.jpg,email
C:\Users\yogit\Downloads\archive (6)\docs-sm\email\530299585+-9585.jpg,email
C:\Users\yogit\Downloads\archive (6)\docs-sm\email\530542123+-2123.jpg,email
C:\Users\yogit\Downloads\archive (6)\docs-sm\email\530774974+-4976.jpg,email
C:\Users\yogit\Downloads\archive (6)\docs-sm\email\530776501+-6501.jpg,email
C:\Users\yogit\Downloads\archive (6)\docs-sm\email\530905773+-5774.jpg,email
C:\Users\yogit\Downloads\archive (6)\docs-sm\email\530970428+-0428.jpg,email
C:\Users\yogit\Downloads\archive (6)\docs-sm\email\530971275+-1276.jpg,email
C:\Users\yogit\Downloads\archive (6)\docs-sm\email\530975870+-5875.jpg,email
C:\Users\yogit\Downloads\archive (6)\docs-sm\email\531244393+-4394.jpg,email
C:\Users\yogit\Downloads\archive (6)\docs-sm\email\531295618+-5618.jpg,email
C:\Users\yogit\Downloads\archive (6)\docs-sm\email\531295788+-5788.jpg,email
C:\Users\yogit\Downloads\archive (6)\docs-sm\email\531320619+-0670.jpg,email
C:\Users\yogit\Downloads\archive (6)\docs-sm\email\531326623+-6626.jpg,email
C:\Users\yogit\Downloads\archive (6)\docs-sm\email\531415644+-5679.jpg,email
C:\Users\yogit\Downloads\archive (6)\docs-sm\email\531416209+-6242.jpg,email
C:\Users\yogit\Downloads\archive (6)\docs-sm\email\531536178+-6178.jpg,email
C:\Users\yogit\Downloads\archive (6)\docs-sm\email\531571089+-1090.jpg,email
C:\Users\yogit\Downloads\archive (6)\docs-sm\email\531572389+-2390.jpg,email
C:\Users\yogit\Downloads\archive (6)\docs-sm\email\531604736+-4738.jpg,email
C:\Users\yogit\Downloads\archive (6)\docs-sm\email\531605859+-5866.jpg,email
C:\Users\yogit\Downloads\archive (6)\docs-sm\email\531716126+-6129.jpg,email
C:\Users\yogit\Downloads\archive (6)\docs-sm\email\81873241.jpg,email
C:\Users\yogit\Downloads\archive (6)\docs-sm\email\81873878.jpg,email
C:\Users\yogit\Downloads\archive (6)\docs-sm\email\81875447.jpg,email
C:\Users\yogit\Downloads\archive (6)\docs-sm\email\856173.jpg,email
C:\Users\yogit\Downloads\archive (6)\docs-sm\email\e2067475360.jpg,email
